{"inputMax":[47,1849821.5,2000,2229501,5014604.5,2243758,8506007,5451165,-33.70000076293945,-31,-5,-43],"inputMin":[2,135.6999969482422,100,272.04998779296875,204.35000610351562,308.95001220703125,515.6500244140625,6848.2001953125,-76,-80,-74,-95]}